<?xml version="1.0" encoding="UTF-8" ?>
<!DOCTYPE mapper PUBLIC "-//mybatis.org//DTD Mapper 3.0//EN"
  "http://mybatis.org/dtd/mybatis-3-mapper.dtd">
<mapper namespace="com.tomatoman.redis.mapper.RedPacketMapper">

	<!-- 查询红包具体信息 -->
	<select id="getRedPacket" parameterType="long"
		resultType="com.tomatoman.redis.entity.RedPacket">
		select id, user_id as userId, amount, send_date as
		sendDate, total,
		unit_amount as unitAmount, stock, version, note from
		T_RED_PACKET
		where id = #{id}
	</select>

	<!-- 扣减抢红包库存 -->
	<update id="decreaseRedPacket">
		update T_RED_PACKET set stock = stock - 1 where id =
		#{id}
	</update>

	<!-- 查询红包具体信息 -->
	<select id="getRedPacketForUpdate" parameterType="long"
		resultType="com.tomatoman.redis.entity.RedPacket">
		select id, user_id as userId, amount, send_date as
		sendDate, total,
		unit_amount as unitAmount, stock, version, note
		from
		T_RED_PACKET where id = #{id} for update
	</select>

	<!-- 通过版本号扣减抢红包 每更新一次，版本增1， 其次增加对版本号的判断 -->
	<update id="decreaseRedPacketForVersion">
		update T_RED_PACKET
		set stock = stock - 1,
		version = version + 1
		where id = #{id}
		and version = #{version}
	</update>
</mapper>